Factor_1,Factor_1_Credibility
F,0.334052442466198
J,0.455973524678589
L,0.545203666285604
P,0.710015317583537
Y,0.888410865095954
