Factor_2,Factor_2_Credibility
D,0.132367452886453
G,0.235217212174452
M,0.349300152629787
O,0.54950217668183
T,0.849529596455355
