Region,Region_Credibility
A,41820.6222101766
B,40625.7053831825
