Region,Region_Credibility
A,0.503969896314368
B,0.496167342350015
